689122,1,PO_RejectRequisitionAndApproval_013,9/01/2019 14:13:49 PM,0,Passed,9/01/2019 14:02:16 PM,basic.step,Scripts,,,,
"Page",Record ID,Playback Time (sec),Result,"Summary",Type,
"Initialize Total (sec)",,9365,Passed,"",basic.init,
"Launch Browser: InternetExplorer 11.615.17763.0",,8927,Passed,"",basic.step,
"Iteration Total (sec)",,679365,Passed,"",basic.iteration,
"GetNextDatabankRecord: PO_CreateRequisitionAndApproval_001",,0,Passed,"Data Used:[http://riyoramgbm02.maaden.com:8050/, BRAHMEG, welcome123, Service, MISC.MISC, Application Engineer's Service Charge, Daily, 1, 660, 31-AUG-2021 00:00:00, PAW:MWSPC Phosphoric Acid Plant Warehouse, Turaif PAP, Nalco Saudi Company Limited, DAMMAM_SAR, Blanket Purchase Agreement, 741700202, 13, 01.05.530.17.5285.3100.00000, ]",basic.resource,
"Navigate http://riyoramgbm02.maaden.com:8050/",,69,Passed,"Data Used:http://riyoramgbm02.maaden.com:8050/",ft.action,
"WaitForPage http://riyoramgbm02.maaden.com:8050/",,1373,Passed,"",web.pageComplete,
"Maximize window(""@index='0'"")",,8,Passed,"",ft.action,
"Click textBox(""@id='unamebean'"")",,10413,Passed,"",ft.action,
"ClearText textBox(""@id='unamebean'"")",,51,Passed,"",ft.action,
"SetText textBox(""@id='unamebean'"") BRAHMEG",,53,Passed,"Data Used:BRAHMEG",ft.action,
"Click textBox(""@id='pwdbean'"")",,107,Passed,"",ft.action,
"SetPassword textBox(""@id='pwdbean'"") ******",,35,Passed,"Data Used:welcome123",ft.action,
"Click button(""@id='SubmitButton'"")",,95,Passed,"",ft.action,
"WaitForPage http://riyoramgbm02.maaden.com:8050/OA_HTML/OA.jsp?OAFunc=OAHOMEPAGE",,7684,Passed,"",web.pageComplete,
"Frame (URL=http://riyoramgbm02.maaden.com:8050/OA_HTML/cabo/images/swan/t.htm)",,0,Passed,"",web.frame,
"Frame (URL=http://riyoramgbm02.maaden.com:8050/OA_HTML/blank.html)",,0,Passed,"",web.frame,
"Click link(""@text='MWSPC PURCHASING PREPARER'"")",,116,Passed,"",ft.action,
"WaitForPage http://riyoramgbm02.maaden.com:8050/OA_HTML/OA.jsp?OAFunc=OAHOMEPAGE#",,619,Passed,"",web.pageComplete,
"Frame (URL=http://riyoramgbm02.maaden.com:8050/OA_HTML/cabo/images/swan/t.htm)",,0,Passed,"",web.frame,
"Frame (URL=http://riyoramgbm02.maaden.com:8050/OA_HTML/blank.html)",,0,Passed,"",web.frame,
"Click link(""@text='Requisition'"")",,105,Passed,"",ft.action,
"WaitForPage http://riyoramgbm02.maaden.com:8050/OA_HTML/OA.jsp?OAFunc=OAHOMEPAGE#",,595,Passed,"",web.pageComplete,
"Frame (URL=http://riyoramgbm02.maaden.com:8050/OA_HTML/cabo/images/swan/t.htm)",,0,Passed,"",web.frame,
"Frame (URL=http://riyoramgbm02.maaden.com:8050/OA_HTML/blank.html)",,0,Passed,"",web.frame,
"Click link(""@text='Requisitions'"")",,89,Passed,"",ft.action,
"WaitForPage http://riyoramgbm02.maaden.com:8050/forms/frmservlet?&lookAndFeel=ORACLE&colorScheme=SWAN&serverApp=OracleApplications&digitSubstitution=CONTEXT&lang=US&env=NLS_LANG='AMERICAN_AMERICA'+FORMS_USER_DATE_FORMAT='DD-MON-RRRR'+FORMS_USER_DATETI...",,10001,Passed,"",web.pageComplete,
"Forms Screen shot",634,4437,Passed,"",ft.screenshot,
"Info",,0,Passed,"Comments: forms_textField_ServiceType1",basic.comment,
"Click textField(""@name='LINES_LINE_TYPE_0'"") ",,764,Passed,"",ft.action,
"Info",,0,Passed,"Comments: forms_textField_ServiceType2",basic.comment,
"SetText textField(""@name='LINES_LINE_TYPE_0'"") Service",,38,Passed,"Data Used:Service",ft.action,
"Info",,0,Passed,"Comments: forms_textField_ServiceType3",basic.comment,
"Forms Screen shot",,308,Passed,"",ft.screenshot,
"SetText textField(""@name='LINES_ITEM_CATEGORY_0'"") MISC.MISC",,541,Passed,"Data Used:MISC.MISC",ft.action,
"Info",,1,Passed,"Comments: Desc1",basic.comment,
"SetText textField(""@name='LINES_ITEM_DESCRIPTION_0'"") Application Engineer's Service Charge",,1130,Passed,"",ft.action,
"SetText textField(""@name='LINES_UNIT_MEAS_LOOKUP_CODE_TL_0'"") Daily",,541,Passed,"Data Used:Daily",ft.action,
"SetText textField(""@name='LINES_QUANTITY_0'"") 1",,987,Passed,"Data Used:1",ft.action,
"InvokeSoftKey textField(""@name='LINES_QUANTITY_0'"")",,1328,Passed,"",ft.action,
"SetText textField(""@name='LINES_UNIT_PRICE_0'"") 660",,350,Passed,"Data Used:660",ft.action,
"InvokeSoftKey textField(""@name='LINES_UNIT_PRICE_0'"")",,1350,Passed,"",ft.action,
"SetText textField(""@name='LINES_NEED_BY_DATE_0'"") 31-AUG-2021 00:00:00",,30,Passed,"Data Used:31-AUG-2021 00:00:00",ft.action,
"SetText textField(""@name='LINES_DEST_ORGANIZATION_0'"") PAW:MWSPC Phosphoric Acid Plant Warehouse",,504,Passed,"Data Used:PAW:MWSPC Phosphoric Acid Plant Warehouse",ft.action,
"SetText textField(""@name='LINES_DELIVER_TO_LOCATION_0'"") Turaif PAP",,616,Passed,"Data Used:Turaif PAP",ft.action,
"SetText textField(""@name='LINES_SUGGESTED_VENDOR_NAME_0'"") Nalco Saudi Company Limited",,478,Passed,"Data Used:Nalco Saudi Company Limited",ft.action,
"SetText textField(""@name='LINES_SUGGESTED_VENDOR_LOCATION_0'"") DAMMAM_SAR",,500,Passed,"Data Used:DAMMAM_SAR",ft.action,
"ClickToolbarButton window(""@name='HEADER_LINES'"") Save",,2343,Passed,"",ft.action,
"assertText",,12,Passed,"",ft.test,
"Think: 8.678 (sec).",,8696,Passed,"",basic.comment,
"SetFocus textField(""@name='PO_REQ_HDR_SEGMENT1_0'"")",,1391,Passed,"",ft.action,
"Info",,1,Passed,"Comments: requestion_Number--------------->711802707",basic.comment,
"Click button(""@name='CONTROL_DISTRIBUTIONS_0'"")",,3165,Passed,"",ft.action,
"Forms Screen shot",,295,Passed,"",ft.screenshot,
"SetText textField(""@name='DISTRIBUTIONS_CHARGE_ACCOUNT_FLEX_0'"") 01.05.530.17.5285.3100.00000",,1981,Passed,"Data Used:01.05.530.17.5285.3100.00000",ft.action,
"InvokeSoftKey textField(""@name='DISTRIBUTIONS_CHARGE_ACCOUNT_FLEX_0'"")",,2423,Passed,"",ft.action,
"ClickToolbarButton window(""@name='DISTRIBUTIONS'"") Save",,649,Passed,"",ft.action,
"Think: 1.067 (sec).",,1089,Passed,"",basic.comment,
"assertText",,10,Passed,"",ft.test,
"Think: 10 (sec).",,10021,Passed,"",basic.comment,
"Activate window(""@name='HEADER_LINES'"")",665,458,Passed,"",ft.action,
"Forms Screen shot",,276,Passed,"",ft.screenshot,
"Think: 1.337 (sec).",,1362,Passed,"",basic.comment,
"Click button(""@name='CONTROL_APPROVAL_0'"")",668,3683,Passed,"",ft.action,
"Forms Screen shot",670,279,Passed,"",ft.screenshot,
"Click button(""@name='PO_APPROVE_WF_OK_BUTTON_0'"")",,4628,Passed,"",ft.action,
"Forms Screen shot",673,252,Passed,"",ft.screenshot,
"SetFocus textField(""@name='PO_REQ_HDR_OPERATING_UNIT_0'"")",,48,Passed,"",ft.action,
"Forms Screen shot",676,280,Passed,"",ft.screenshot,
"Think: 0.138 (sec).",,156,Passed,"",basic.comment,
"Forms Close",677,737,Passed,"",ft.action,
"Forms Screen shot",679,305,Passed,"",ft.screenshot,
"Think: 2.789 (sec).",,2809,Passed,"",basic.comment,
"ClickButton choiceBox(""forms:choiceBox"") OK",680,2093,Passed,"",ft.action,
"Click link(""@text='Requisition Summary'"")",,196,Passed,"",ft.action,
"WaitForPage http://riyoramgbm02.maaden.com:8050/OA_HTML/OA.jsp?OAFunc=OAHOMEPAGE#",682,3354,Passed,"",web.pageComplete,
"Frame (URL=http://riyoramgbm02.maaden.com:8050/OA_HTML/cabo/images/swan/t.htm)",,0,Passed,"",web.frame,
"Frame (URL=http://riyoramgbm02.maaden.com:8050/forms/frmservlet?appletmode=nonforms&HTMLpageTitle=&HTMLpreApplet=&code=oracle/apps/fnd/formsClient/FormsLauncher.class&width=400&height=300&archive=/OA_JAVA/oracle/apps/fnd/jar/fndforms.jar,/OA_JAVA/orac...",,0,Passed,"",web.frame,
"Forms Screen shot",686,12595,Passed,"",ft.screenshot,
"SetFocus textField(""@name='FIND_REQ_OPERATING_UNIT_0'"")",687,25,Passed,"",ft.action,
"Think: 3.269 (sec).",,3285,Passed,"",basic.comment,
"SetText textField(""@name='FIND_REQ_REQ_NUM_0'"") 711802707",,509,Passed,"",ft.action,
"Think: 0.012 (sec).",,31,Passed,"",basic.comment,
"Click button(""@name='FIND_REQ_FIND_0'"")",689,3039,Passed,"",ft.action,
"Forms Screen shot",691,247,Passed,"",ft.screenshot,
"SetFocus textField(""@name='REQ_HEADERS_FOLDER_AUTHORIZATION_STATUS_DSP_0'"")",692,816,Passed,"",ft.action,
"Think: 0.022 (sec).",,45,Passed,"",basic.comment,
"SelectMenuItem window(""@name='REQ_HEADERS_FOLDER'"") Tools|View Action History",,3053,Passed,"",ft.action,
"Close window(""@name='PO_ACTION_HISTORY'"")",81,1069,Passed,"",ft.action,
"Forms Screen shot",83,273,Passed,"",ft.screenshot,
"Think: 5.161 (sec).",,5189,Passed,"",basic.comment,
"Close window(""@name='REQ_HEADERS_FOLDER'"")",84,1053,Passed,"",ft.action,
"Forms Screen shot",86,271,Passed,"",ft.screenshot,
"Think: 5.684 (sec).",,5705,Passed,"",basic.comment,
"SetFocus textField(""@name='FIND_REQ_OPERATING_UNIT_0'"")",87,43,Passed,"",ft.action,
"Close window(""@name='FIND_REQ'"")",88,1328,Passed,"",ft.action,
"Forms Screen shot",90,255,Passed,"",ft.screenshot,
"Think: 3.623 (sec).",,3643,Passed,"",basic.comment,
"Forms Close",91,556,Passed,"",ft.action,
"Forms Screen shot",93,245,Passed,"",ft.screenshot,
"Think: 2.526 (sec).",,2545,Passed,"",basic.comment,
"ClickButton choiceBox(""forms:choiceBox"") OK",94,1956,Passed,"",ft.action,
"Think: 10 (sec).",,10040,Passed,"",basic.comment,
"Click link(""@text='Logout'"")",95,101,Passed,"",ft.action,
"WaitForPage http://riyoramgbm02.maaden.com:8050/OA_HTML/RF.jsp?function_id=31160&resp_id=-1&resp_appl_id=-1&security_group_id=0&lang_code=US&params=buVoCN5pvZdIemFiC2fpd4dvbu.y0jzfkLZ17l4u40QosAU5lhw.LL9mkdAdEoWB&oas=6fTTaCGX6rurMPP1a23uCQ..",96,3530,Passed,"",web.pageComplete,
"Frame (URL=http://riyoramgbm02.maaden.com:8050/OA_HTML/cabo/images/swan/t.htm)",,0,Passed,"",web.frame,
"Frame (URL=http://riyoramgbm02.maaden.com:8050/OA_HTML/blank.html)",,0,Passed,"",web.frame,
"Think: 1.46 (sec).",,1479,Passed,"",basic.comment,
"closeBrowser",99,8,Passed,"",ft.action,
"Call Function: PO_RejectRequisition_User_LAOE_013.run",,48075,Passed,"",basic.stepGroup,
"Navigate http://riyoramgbm02.maaden.com:8050/",39,15,Passed,"",ft.action,
"WaitForPage http://riyoramgbm02.maaden.com:8050/",40,410,Passed,"",web.pageComplete,
"Think: 1.95 (sec).",,1979,Passed,"",basic.comment,
"Click textBox(""@id='unamebean'"")",55,1124,Passed,"",ft.action,
"Think: 1.233 (sec).",,1254,Passed,"",basic.comment,
"SetText textBox(""@id='unamebean'"") laoe",56,41,Passed,"",ft.action,
"Think: 0.594 (sec).",,614,Passed,"",basic.comment,
"PressTab textBox(""@id='unamebean'"")",57,48,Passed,"",ft.action,
"Think: 1.289 (sec).",,1310,Passed,"",basic.comment,
"SetPassword textBox(""@id='pwdbean'"") ******",58,308,Passed,"",ft.action,
"Think: 1.056 (sec).",,1081,Passed,"",basic.comment,
"PressEnter textBox(""@id='pwdbean'"")",59,41,Passed,"",ft.action,
"WaitForPage http://riyoramgbm02.maaden.com:8050/OA_HTML/OA.jsp?OAFunc=OAHOMEPAGE",60,3774,Passed,"",web.pageComplete,
"Frame (URL=http://riyoramgbm02.maaden.com:8050/OA_HTML/cabo/images/swan/t.htm)",,0,Passed,"",web.frame,
"Frame (URL=http://riyoramgbm02.maaden.com:8050/OA_HTML/blank.html)",,0,Passed,"",web.frame,
"Think: 1.356 (sec).",,1385,Passed,"",basic.comment,
"Click link(""@text='Purchase Requisition 711802692 for Brahme, Gunesh (660.00 SAR)'"")",63,116,Passed,"",ft.action,
"WaitForPage http://riyoramgbm02.maaden.com:8050/OA_HTML/OA.jsp?OAFunc=FND_WFNTF_DETAILS&NtfId=7362632&addBreadCrumb=Y&retainAM=Y&_ti=619274841&oapc=5&oas=S0SAbtYWcKF6qsFnkxezoA..",64,8094,Passed,"",web.pageComplete,
"Frame (URL=http://riyoramgbm02.maaden.com:8050/OA_HTML/cabo/images/swan/t.htm)",,0,Passed,"",web.frame,
"Frame (URL=http://riyoramgbm02.maaden.com:8050/OA_HTML/blank.html)",,0,Passed,"",web.frame,
"Think: 2.453 (sec).",,2475,Passed,"",basic.comment,
"Click element(""@index='0'"")",67,306,Passed,"",ft.action,
"Think: 2.312 (sec).",,2332,Passed,"",basic.comment,
"SetText textArea(""@id='N58'"") Rejected",68,79,Passed,"",ft.action,
"Think: 2.485 (sec).",,2505,Passed,"",basic.comment,
"Click button(""@value='Reject'"")",69,87,Passed,"",ft.action,
"WaitForPage http://riyoramgbm02.maaden.com:8050/OA_HTML/OA.jsp?page=/oracle/apps/fnd/framework/navigate/webui/NewHomePG&homePage=Y&_ti=619274841&retainAM=Y&addBreadCrumb=N&OAMC=G&WFEBizWorklist=Y&oapc=7&oas=gus6lwCDvjeX_wHSLNnpQw..",70,7029,Passed,"",web.pageComplete,
"Frame (URL=http://riyoramgbm02.maaden.com:8050/OA_HTML/cabo/images/swan/t.htm)",,0,Passed,"",web.frame,
"Frame (URL=http://riyoramgbm02.maaden.com:8050/OA_HTML/blank.html)",,0,Passed,"",web.frame,
"Think: 3.854 (sec).",,3874,Passed,"",basic.comment,
"Click link(""@text='Logout'"")",73,92,Passed,"",ft.action,
"WaitForPage http://riyoramgbm02.maaden.com:8050/OA_HTML/RF.jsp?function_id=31160&resp_id=-1&resp_appl_id=-1&security_group_id=0&lang_code=US&params=buVoCN5pvZdIemFiC2fpd4dvbu.y0jzfkLZ17l4u40QosAU5lhw.LL9mkdAdEoWB&oas=DhRCSnTBTFJ78mbyDp8DSg..",74,3693,Passed,"",web.pageComplete,
"Frame (URL=http://riyoramgbm02.maaden.com:8050/OA_HTML/cabo/images/swan/t.htm)",,0,Passed,"",web.frame,
"Frame (URL=http://riyoramgbm02.maaden.com:8050/OA_HTML/blank.html)",,0,Passed,"",web.frame,
"Think: 1.86 (sec).",,1880,Passed,"",basic.comment,
"Launch Browser: InternetExplorer 11.615.17763.0",,0,Passed,"",basic.step,
"Launch Browser: InternetExplorer 11.615.17763.0",,0,Passed,"",basic.step,
"Navigate http://riyoramgbm02.maaden.com:8050/",696,6,Passed,"",ft.action,
"WaitForPage http://riyoramgbm02.maaden.com:8050/",698,409,Passed,"",web.pageComplete,
"Think: 1.562 (sec).",,1584,Passed,"",basic.comment,
"Click textBox(""@id='unamebean'"")",701,1119,Passed,"",ft.action,
"Think: 1.218 (sec).",,1261,Passed,"",basic.comment,
"SetText textBox(""@id='unamebean'"") FAREEDM",702,36,Passed,"",ft.action,
"Think: 2.334 (sec).",,2359,Passed,"",basic.comment,
"PressTab textBox(""@id='unamebean'"")",703,63,Passed,"",ft.action,
"Think: 0.031 (sec).",,58,Passed,"",basic.comment,
"SetPassword textBox(""@id='pwdbean'"") ******",704,37,Passed,"",ft.action,
"Think: 0.576 (sec).",,602,Passed,"",basic.comment,
"Click button(""@id='SubmitButton'"")",705,83,Passed,"",ft.action,
"WaitForPage http://riyoramgbm02.maaden.com:8050/OA_HTML/OA.jsp?OAFunc=OAHOMEPAGE",706,4025,Passed,"",web.pageComplete,
"Frame (URL=http://riyoramgbm02.maaden.com:8050/OA_HTML/cabo/images/swan/t.htm)",,0,Passed,"",web.frame,
"Frame (URL=http://riyoramgbm02.maaden.com:8050/OA_HTML/blank.html)",,0,Passed,"",web.frame,
"Think: 2.103 (sec).",,2131,Passed,"",basic.comment,
"Click link(""@text='MWSPC PURCHASING PREPARER'"")",709,95,Passed,"",ft.action,
"WaitForPage http://riyoramgbm02.maaden.com:8050/OA_HTML/OA.jsp?OAFunc=OAHOMEPAGE#",710,693,Passed,"",web.pageComplete,
"Frame (URL=http://riyoramgbm02.maaden.com:8050/OA_HTML/cabo/images/swan/t.htm)",,0,Passed,"",web.frame,
"Frame (URL=http://riyoramgbm02.maaden.com:8050/OA_HTML/blank.html)",,0,Passed,"",web.frame,
"Think: 1.064 (sec).",,1090,Passed,"",basic.comment,
"Click link(""@text='Requisition'"")",713,111,Passed,"",ft.action,
"WaitForPage http://riyoramgbm02.maaden.com:8050/OA_HTML/OA.jsp?OAFunc=OAHOMEPAGE#",714,621,Passed,"",web.pageComplete,
"Frame (URL=http://riyoramgbm02.maaden.com:8050/OA_HTML/cabo/images/swan/t.htm)",,0,Passed,"",web.frame,
"Frame (URL=http://riyoramgbm02.maaden.com:8050/OA_HTML/blank.html)",,0,Passed,"",web.frame,
"Think: 1.196 (sec).",,1227,Passed,"",basic.comment,
"Click element(""@id='menuLayout_div'"")",717,362,Passed,"",ft.action,
"Think: 1.315 (sec).",,1369,Passed,"",basic.comment,
"Click link(""@text='Requisition Summary'"")",718,227,Passed,"",ft.action,
"WaitForPage http://riyoramgbm02.maaden.com:8050/forms/frmservlet?&lookAndFeel=ORACLE&colorScheme=SWAN&serverApp=OracleApplications&digitSubstitution=CONTEXT&lang=US&env=NLS_LANG='AMERICAN_AMERICA'+FORMS_USER_DATE_FORMAT='DD-MON-RRRR'+FORMS_USER_DATETI...",719,17319,Passed,"",web.pageComplete,
"Forms Screen shot",723,4403,Passed,"",ft.screenshot,
"Think: 10 (sec).",,10016,Passed,"",basic.comment,
"SetFocus textField(""@name='FIND_REQ_OPERATING_UNIT_0'"")",724,17192,Passed,"",ft.action,
"Think: 2.742 (sec).",,2761,Passed,"",basic.comment,
"SetText textField(""@name='FIND_REQ_REQ_NUM_0'"") 711802707",,527,Passed,"",ft.action,
"Think: 0.015 (sec).",,33,Passed,"",basic.comment,
"Click button(""@name='FIND_REQ_FIND_0'"")",726,3106,Passed,"",ft.action,
"Forms Screen shot",728,348,Passed,"",ft.screenshot,
"Think: 6.402 (sec).",,6418,Passed,"",basic.comment,
"Click button(""@name='REQ_HEADERS_FOLDER_CONTROL_OPEN_0'"")",729,6314,Passed,"",ft.action,
"Forms Screen shot",731,337,Passed,"",ft.screenshot,
"Think: 8.403 (sec).",,8420,Passed,"",basic.comment,
"SetFocus textField(""@name='PO_REQ_HDR_OPERATING_UNIT_0'"")",732,89,Passed,"",ft.action,
"Think: 0.322 (sec).",,340,Passed,"",basic.comment,
"Click button(""@name='CONTROL_APPROVAL_0'"")",733,4176,Passed,"",ft.action,
"Forms Screen shot",735,340,Passed,"",ft.screenshot,
"Think: 10 (sec).",,10017,Passed,"",basic.comment,
"SetText textField(""@name='PO_APPROVE_NOTE_0'"") Please Approve it.",736,975,Passed,"",ft.action,
"Think: 0.316 (sec).",,332,Passed,"",basic.comment,
"Click button(""@name='PO_APPROVE_WF_OK_BUTTON_0'"")",737,4889,Passed,"",ft.action,
"Forms Screen shot",739,309,Passed,"",ft.screenshot,
"Think: 10 (sec).",,10014,Passed,"",basic.comment,
"SetFocus textField(""@name='PO_REQ_HDR_OPERATING_UNIT_0'"")",740,74,Passed,"",ft.action,
"Forms Screen shot",742,344,Passed,"",ft.screenshot,
"Think: 0.224 (sec).",,243,Passed,"",basic.comment,
"Forms Close",743,996,Passed,"",ft.action,
"Forms Screen shot",745,302,Passed,"",ft.screenshot,
"Think: 2.02 (sec).",,2041,Passed,"",basic.comment,
"ClickButton choiceBox(""forms:choiceBox"") OK",746,2573,Passed,"",ft.action,
"Think: 6.416 (sec).",,6447,Passed,"",basic.comment,
"closeBrowser",747,10,Passed,"",ft.action,
"Think: 0.041 (sec).",,68,Passed,"",basic.comment,
"closeBrowser",748,6,Passed,"",ft.action,
"Launch Browser: InternetExplorer 11.615.17763.0",,8343,Passed,"",basic.step,
"Call Function: PO_CreateRequisitionAndApproval_User_LAOE_001.run",,67499,Passed,"",basic.stepGroup,
"Navigate http://riyoramgbm02.maaden.com:8050/OA_HTML/OA.jsp?OAFunc=OAHOMEPAGE",70,37,Passed,"",ft.action,
"WaitForPage http://riyoramgbm02.maaden.com:8050/OA_HTML/RF.jsp?function_id=31160&resp_id=-1&resp_appl_id=-1&security_group_id=0&lang_code=US&params=TZb6aVvBulW151C4f2axSzGM0htsfzFctall8bEj0tLZP2iMyT6oKz2E1-rEgCGpkXe30l7MvH8NWvNLthkE5hZKpTpE8VPGx7oON7y...",71,11704,Passed,"",web.pageComplete,
"Frame (URL=http://riyoramgbm02.maaden.com:8050/OA_HTML/cabo/images/swan/t.htm)",,0,Passed,"",web.frame,
"Frame (URL=http://riyoramgbm02.maaden.com:8050/OA_HTML/blank.html)",,0,Passed,"",web.frame,
"Think: 6.688 (sec).",,6717,Passed,"",basic.comment,
"Click textBox(""@id='unamebean'"")",74,290,Passed,"",ft.action,
"SetText textBox(""@id='unamebean'"") LAOE ",,42,Passed,"",ft.action,
"Click textBox(""@id='pwdbean'"")",,117,Passed,"",ft.action,
"SetPassword textBox(""@id='pwdbean'"") ******",,38,Passed,"",ft.action,
"Click button(""@id='SubmitButton'"")",,119,Passed,"",ft.action,
"WaitForPage http://riyoramgbm02.maaden.com:8050/OA_HTML/OA.jsp?page=/oracle/apps/fnd/framework/navigate/webui/HomePG&homePage=Y&OAPB=FWK_HOMEPAGE_BRAND&transactionid=1487092679&oapc=2&oas=DUe1Ki1JZKCUEJ5n6k8OXw..",,4953,Passed,"",web.pageComplete,
"Frame (URL=http://riyoramgbm02.maaden.com:8050/OA_HTML/cabo/images/swan/t.htm)",,0,Passed,"",web.frame,
"Frame (URL=http://riyoramgbm02.maaden.com:8050/OA_HTML/blank.html)",,0,Passed,"",web.frame,
"Think: 8.327 (sec).",,8345,Passed,"",basic.comment,
"Click link(""@index='21'"")",,143,Passed,"",ft.action,
"WaitForPage http://riyoramgbm02.maaden.com:8050/OA_HTML/OA.jsp?OAFunc=FND_WFNTF_DETAILS&NtfId=7362635&addBreadCrumb=Y&retainAM=Y&_ti=1487092679&oapc=6&oas=xSAS_9mzlUy_pwnpboqLEA..",,9006,Passed,"",web.pageComplete,
"Frame (URL=http://riyoramgbm02.maaden.com:8050/OA_HTML/cabo/images/swan/t.htm)",,0,Passed,"",web.frame,
"Frame (URL=http://riyoramgbm02.maaden.com:8050/OA_HTML/blank.html)",,0,Passed,"",web.frame,
"Think: 0.464 (sec).",,484,Passed,"",basic.comment,
"Click button(""@value='Approve'"")",,90,Passed,"",ft.action,
"WaitForPage http://riyoramgbm02.maaden.com:8050/OA_HTML/OA.jsp?page=/oracle/apps/fnd/framework/navigate/webui/NewHomePG&homePage=Y&_ti=1487092679&retainAM=Y&addBreadCrumb=N&OAMC=G&WFEBizWorklist=Y&oapc=8&oas=JDjLoSy2pqnCV57XnA7Oyg..",87,12783,Passed,"",web.pageComplete,
"Frame (URL=http://riyoramgbm02.maaden.com:8050/OA_HTML/cabo/images/swan/t.htm)",,0,Passed,"",web.frame,
"Frame (URL=http://riyoramgbm02.maaden.com:8050/OA_HTML/blank.html)",,0,Passed,"",web.frame,
"Think: 4.288 (sec).",,4305,Passed,"",basic.comment,
"Click link(""@text='Logout'"")",90,95,Passed,"",ft.action,
"WaitForPage http://riyoramgbm02.maaden.com:8050/OA_HTML/RF.jsp?function_id=31160&resp_id=-1&resp_appl_id=-1&security_group_id=0&lang_code=US&params=buVoCN5pvZdIemFiC2fpd4dvbu.y0jzfkLZ17l4u40QosAU5lhw.LL9mkdAdEoWB&oas=Nz8ZMZeWKeE_8Rfd97qeaw..",111,3312,Passed,"",web.pageComplete,
"Frame (URL=http://riyoramgbm02.maaden.com:8050/OA_HTML/cabo/images/swan/t.htm)",,0,Passed,"",web.frame,
"Frame (URL=http://riyoramgbm02.maaden.com:8050/OA_HTML/blank.html)",,0,Passed,"",web.frame,
"Think: 3.057 (sec).",,3079,Passed,"",basic.comment,
"Call Function: PO_CreateRequisitionAndApproval_User_ENAZIFH_001.run",,36562,Passed,"",basic.stepGroup,
"Navigate http://riyoramgbm02.maaden.com:8050/",2,10,Passed,"",ft.action,
"WaitForPage http://riyoramgbm02.maaden.com:8050/",4,969,Passed,"",web.pageComplete,
"Click textBox(""@id='unamebean'"")",7,3113,Passed,"",ft.action,
"Think: 0.686 (sec).",,711,Passed,"",basic.comment,
"SetText textBox(""@id='unamebean'"") ENAZIFH",8,91,Passed,"",ft.action,
"SetPassword textBox(""@id='pwdbean'"") ******",,48,Passed,"",ft.action,
"Click button(""@id='SubmitButton'"")",12,117,Passed,"",ft.action,
"WaitForPage http://riyoramgbm02.maaden.com:8050/OA_HTML/OA.jsp?OAFunc=OAHOMEPAGE",13,4475,Passed,"",web.pageComplete,
"Frame (URL=http://riyoramgbm02.maaden.com:8050/OA_HTML/cabo/images/swan/t.htm)",,0,Passed,"",web.frame,
"Frame (URL=http://riyoramgbm02.maaden.com:8050/OA_HTML/blank.html)",,0,Passed,"",web.frame,
"Frame (URL=http://riyoramgbm02.maaden.com:8050/OA_HTML/blank.html)",,0,Passed,"",web.frame,
"Think: 1.33 (sec).",,1347,Passed,"",basic.comment,
"Click link(""@text='طلب شراء الشراء 711802646 for Brahme, Gunesh (660.00 SAR)'"")",17,132,Passed,"",ft.action,
"WaitForPage http://riyoramgbm02.maaden.com:8050/OA_HTML/OA.jsp?OAFunc=FND_WFNTF_DETAILS&NtfId=7362637&addBreadCrumb=Y&retainAM=Y&_ti=1482059872&oapc=5&oas=9_TGNCd8AK4-zab_XWsYZA..",18,8827,Passed,"",web.pageComplete,
"Frame (URL=http://riyoramgbm02.maaden.com:8050/OA_HTML/cabo/images/swan/t.htm)",,0,Passed,"",web.frame,
"Frame (URL=http://riyoramgbm02.maaden.com:8050/OA_HTML/blank.html)",,0,Passed,"",web.frame,
"Think: 1.04 (sec).",,1060,Passed,"",basic.comment,
"Click button(""@value='Approve'"")",21,101,Passed,"",ft.action,
"WaitForPage http://riyoramgbm02.maaden.com:8050/OA_HTML/OA.jsp?page=/oracle/apps/fnd/framework/navigate/webui/NewHomePG&homePage=Y&_ti=1482059872&retainAM=Y&addBreadCrumb=N&OAMC=G&WFEBizWorklist=Y&oapc=7&oas=X2XI23baAKF2nuOsmqk4EA..",22,8693,Passed,"",web.pageComplete,
"Frame (URL=http://riyoramgbm02.maaden.com:8050/OA_HTML/cabo/images/swan/t.htm)",,0,Passed,"",web.frame,
"Frame (URL=http://riyoramgbm02.maaden.com:8050/OA_HTML/blank.html)",,0,Passed,"",web.frame,
"Frame (URL=http://riyoramgbm02.maaden.com:8050/OA_HTML/blank.html)",,0,Passed,"",web.frame,
"Think: 1.96 (sec).",,1980,Passed,"",basic.comment,
"Click link(""@text='Logout'"")",26,109,Passed,"",ft.action,
"WaitForPage http://riyoramgbm02.maaden.com:8050/OA_HTML/RF.jsp?function_id=31160&resp_id=-1&resp_appl_id=-1&security_group_id=0&lang_code=US&params=buVoCN5pvZdIemFiC2fpd4dvbu.y0jzfkLZ17l4u40QosAU5lhw.LL9mkdAdEoWB&oas=mXln_lnBni-rFnTLO4yOfg..",,3261,Passed,"",web.pageComplete,
"Frame (URL=http://riyoramgbm02.maaden.com:8050/OA_HTML/cabo/images/swan/t.htm)",,0,Passed,"",web.frame,
"Frame (URL=http://riyoramgbm02.maaden.com:8050/OA_HTML/blank.html)",,0,Passed,"",web.frame,
"Launch Browser: InternetExplorer 11.615.17763.0",,0,Passed,"",basic.step,
"Call Function: PO_CreateRequisitionAndApproval_User_MECEVICM_001.run",,53152,Passed,"",basic.stepGroup,
"Navigate http://riyoramgbm02.maaden.com:8050/",30,16,Passed,"",ft.action,
"Think: 0.028 (sec).",,55,Passed,"",basic.comment,
"Navigate http://riyoramgbm02.maaden.com:8050/",31,7,Passed,"",ft.action,
"WaitForPage http://riyoramgbm02.maaden.com:8050/",32,454,Passed,"",web.pageComplete,
"Think: 9.16 (sec).",,9184,Passed,"",basic.comment,
"Click textBox(""@id='unamebean'"")",35,101,Passed,"",ft.action,
"Think: 0.611 (sec).",,629,Passed,"",basic.comment,
"SetText textBox(""@id='unamebean'"") MECEVICM ",36,42,Passed,"",ft.action,
"Think: 0.719 (sec).",,736,Passed,"",basic.comment,
"Click textBox(""@id='pwdbean'"")",37,104,Passed,"",ft.action,
"Think: 0.74 (sec).",,755,Passed,"",basic.comment,
"SetPassword textBox(""@id='pwdbean'"") ******",38,37,Passed,"",ft.action,
"Think: 1.04 (sec).",,1055,Passed,"",basic.comment,
"Click button(""@id='SubmitButton'"")",39,75,Passed,"",ft.action,
"WaitForPage http://riyoramgbm02.maaden.com:8050/OA_HTML/OA.jsp?OAFunc=OAHOMEPAGE",40,4693,Passed,"",web.pageComplete,
"Frame (URL=http://riyoramgbm02.maaden.com:8050/OA_HTML/cabo/images/swan/t.htm)",,0,Passed,"",web.frame,
"Frame (URL=http://riyoramgbm02.maaden.com:8050/OA_HTML/blank.html)",,0,Passed,"",web.frame,
"Think: 2.784 (sec).",,2821,Passed,"",basic.comment,
"Click link(""@text='Purchase Requisition 711802647 for Brahme, Gunesh (660.00 SAR)'"")",43,116,Passed,"",ft.action,
"WaitForPage http://riyoramgbm02.maaden.com:8050/OA_HTML/OA.jsp?OAFunc=FND_WFNTF_DETAILS&NtfId=7362638&addBreadCrumb=Y&retainAM=Y&_ti=305096772&oapc=5&oas=m_BDVrzsSaZj7EMm1tw1tw..",44,7802,Passed,"",web.pageComplete,
"Frame (URL=http://riyoramgbm02.maaden.com:8050/OA_HTML/cabo/images/swan/t.htm)",,0,Passed,"",web.frame,
"Frame (URL=http://riyoramgbm02.maaden.com:8050/OA_HTML/blank.html)",,0,Passed,"",web.frame,
"Frame (URL=http://riyoramgbm02.maaden.com:8050/OA_HTML/blank.html)",,0,Passed,"",web.frame,
"Think: 2.148 (sec).",,2165,Passed,"",basic.comment,
"Click button(""@value='Approve'"")",48,91,Passed,"",ft.action,
"WaitForPage http://riyoramgbm02.maaden.com:8050/OA_HTML/OA.jsp?page=/oracle/apps/fnd/framework/navigate/webui/NewHomePG&homePage=Y&_ti=305096772&retainAM=Y&addBreadCrumb=N&OAMC=G&WFEBizWorklist=Y&oapc=7&oas=3V5hkAFXgHDLH6QF6BXULw..",49,12394,Passed,"",web.pageComplete,
"Frame (URL=http://riyoramgbm02.maaden.com:8050/OA_HTML/cabo/images/swan/t.htm)",,0,Passed,"",web.frame,
"Frame (URL=http://riyoramgbm02.maaden.com:8050/OA_HTML/blank.html)",,0,Passed,"",web.frame,
"Think: 2.884 (sec).",,2901,Passed,"",basic.comment,
"Click link(""@text='Logout'"")",52,109,Passed,"",ft.action,
"WaitForPage http://riyoramgbm02.maaden.com:8050/OA_HTML/RF.jsp?function_id=31160&resp_id=-1&resp_appl_id=-1&security_group_id=0&lang_code=US&params=buVoCN5pvZdIemFiC2fpd4dvbu.y0jzfkLZ17l4u40QosAU5lhw.LL9mkdAdEoWB&oas=qAm7i8DAMDc5jHLuJixCqw..",53,4947,Passed,"",web.pageComplete,
"Frame (URL=http://riyoramgbm02.maaden.com:8050/OA_HTML/cabo/images/swan/t.htm)",,0,Passed,"",web.frame,
"Frame (URL=http://riyoramgbm02.maaden.com:8050/OA_HTML/blank.html)",,0,Passed,"",web.frame,
"Launch Browser: InternetExplorer 11.615.17763.0",,0,Passed,"",basic.step,
"Click textBox(""@id='unamebean'"")",,112,Passed,"",ft.action,
"ClearText textBox(""@id='unamebean'"")",,38,Passed,"",ft.action,
"SetText textBox(""@id='unamebean'"") BRAHMEG",,40,Passed,"",ft.action,
"Info",,0,Passed,"Comments: BRAHMEG",basic.comment,
"Click textBox(""@id='pwdbean'"")",,92,Passed,"",ft.action,
"SetPassword textBox(""@id='pwdbean'"") ******",,39,Passed,"",ft.action,
"Click button(""@id='SubmitButton'"")",,74,Passed,"",ft.action,
"WaitForPage http://riyoramgbm02.maaden.com:8050/OA_HTML/OA.jsp?OAFunc=OAHOMEPAGE",618,2974,Passed,"",web.pageComplete,
"Frame (URL=http://riyoramgbm02.maaden.com:8050/OA_HTML/cabo/images/swan/t.htm)",,0,Passed,"",web.frame,
"Frame (URL=http://riyoramgbm02.maaden.com:8050/OA_HTML/blank.html)",,0,Passed,"",web.frame,
"Think: 5.195 (sec).",,5217,Passed,"",basic.comment,
"Click link(""@text='MWSPC PURCHASING PREPARER'"")",621,102,Passed,"",ft.action,
"WaitForPage http://riyoramgbm02.maaden.com:8050/OA_HTML/OA.jsp?OAFunc=OAHOMEPAGE#",622,753,Passed,"",web.pageComplete,
"Frame (URL=http://riyoramgbm02.maaden.com:8050/OA_HTML/cabo/images/swan/t.htm)",,0,Passed,"",web.frame,
"Frame (URL=http://riyoramgbm02.maaden.com:8050/OA_HTML/blank.html)",,0,Passed,"",web.frame,
"Click link(""@text='Requisition Summary'"")",,1516,Passed,"",ft.action,
"WaitForPage http://riyoramgbm02.maaden.com:8050/OA_HTML/OA.jsp?OAFunc=OAHOMEPAGE#",682,5595,Passed,"",web.pageComplete,
"Frame (URL=http://riyoramgbm02.maaden.com:8050/OA_HTML/cabo/images/swan/t.htm)",,0,Passed,"",web.frame,
"Frame (URL=http://riyoramgbm02.maaden.com:8050/forms/frmservlet?appletmode=nonforms&HTMLpageTitle=&HTMLpreApplet=&code=oracle/apps/fnd/formsClient/FormsLauncher.class&width=400&height=300&archive=/OA_JAVA/oracle/apps/fnd/jar/fndforms.jar,/OA_JAVA/orac...",,0,Passed,"",web.frame,
"Forms Screen shot",686,16437,Passed,"",ft.screenshot,
"SetFocus textField(""@name='FIND_REQ_OPERATING_UNIT_0'"")",,27948,Passed,"",ft.action,
"Think: 3.269 (sec).",,3286,Passed,"",basic.comment,
"SetText textField(""@name='FIND_REQ_REQ_NUM_0'"") 711802707",,616,Passed,"",ft.action,
"Think: 0.012 (sec).",,27,Passed,"",basic.comment,
"Click button(""@name='FIND_REQ_FIND_0'"")",689,3479,Passed,"",ft.action,
"Forms Screen shot",691,309,Passed,"",ft.screenshot,
"SetFocus textField(""@name='REQ_HEADERS_FOLDER_AUTHORIZATION_STATUS_DSP_0'"")",,1163,Passed,"",ft.action,
"Info",,0,Passed,"Comments: Approved",basic.comment,
"SelectMenuItem window(""@name='REQ_HEADERS_FOLDER'"") Tools|View Action History",,3074,Passed,"",ft.action,
"Forms Screen shot",140,305,Passed,"",ft.screenshot,
"Think: 10 (sec).",,10014,Passed,"",basic.comment,
"SetFocus textField(""@name='PO_ACTION_HISTORY_ACTION_CODE_DSP_1'"")",,1266,Passed,"",ft.action,
"SetFocus textField(""@name='PO_ACTION_HISTORY_ACTION_CODE_DSP_0'"")",,1206,Passed,"",ft.action,
"Close window(""@name='PO_ACTION_HISTORY'"")",143,1218,Passed,"",ft.action,
"Forms Screen shot",145,329,Passed,"",ft.screenshot,
"Think: 1.842 (sec).",,1863,Passed,"",basic.comment,
"Close window(""@name='REQ_HEADERS_FOLDER'"")",146,1181,Passed,"",ft.action,
"Forms Screen shot",148,306,Passed,"",ft.screenshot,
"Think: 3.993 (sec).",,4011,Passed,"",basic.comment,
"SetFocus textField(""@name='FIND_REQ_OPERATING_UNIT_0'"")",149,54,Passed,"",ft.action,
"Think: 0 (sec).",,18,Passed,"",basic.comment,
"Close window(""@name='FIND_REQ'"")",150,1466,Passed,"",ft.action,
"Forms Screen shot",152,308,Passed,"",ft.screenshot,
"Think: 2.875 (sec).",,2893,Passed,"",basic.comment,
"Forms Close",153,703,Passed,"",ft.action,
"Forms Screen shot",155,331,Passed,"",ft.screenshot,
"Think: 2.607 (sec).",,2624,Passed,"",basic.comment,
"ClickButton choiceBox(""forms:choiceBox"") OK",156,2163,Passed,"",ft.action,
"closeBrowser",694,16,Passed,"",ft.action,
"Finish Total (sec)",,146,Passed,"",basic.finish,
"closeBrowser",,8,Passed,"",ft.action,
